{

	"metadata" :
	{
		"formatVersion" : 3.1,
		"generatedBy"   : "Blender 2.7 Exporter",
		"vertices"      : 40,
		"faces"         : 76,
		"normals"       : 40,
		"colors"        : 0,
		"uvs"           : [88],
		"materials"     : 1,
		"morphTargets"  : 0,
		"bones"         : 0
	},

	"scale" : 1.000000,

	"materials" : [	{
		"DbgColor" : 15658734,
		"DbgIndex" : 0,
		"DbgName" : "note4",
		"blending" : "NormalBlending",
		"colorAmbient" : [0.6400000190734865, 0.6400000190734865, 0.6400000190734865],
		"colorDiffuse" : [0.6400000190734865, 0.6400000190734865, 0.6400000190734865],
		"colorEmissive" : [0.0, 0.0, 0.0],
		"colorSpecular" : [0.5, 0.5, 0.5],
		"depthTest" : true,
		"depthWrite" : true,
		"shading" : "Lambert",
		"specularCoef" : 50,
		"transparency" : 1.0,
		"transparent" : false,
		"vertexColors" : false
	}],

	"vertices" : [3.01276,5.69687,0.240001,2.94231,5.80231,0.240001,2.83687,5.87276,0.240001,2.7125,5.8975,0.240001,3.0375,5.5725,0.240001,-2.83687,5.87276,0.240001,-2.94231,5.80231,0.240001,-3.01276,5.69687,0.240001,-2.7125,5.8975,0.240001,-3.0375,5.5725,0.240001,-3.01276,-5.67687,0.239999,-2.94231,-5.78231,0.239999,-2.83687,-5.85276,0.239999,-2.7125,-5.8775,0.239999,-3.0375,-5.5525,0.239999,2.83687,-5.85276,0.239999,2.94231,-5.78231,0.239999,3.01276,-5.67687,0.239999,2.7125,-5.8775,0.239999,3.0375,-5.5525,0.239999,-3.01276,5.69687,-0.239999,-2.94231,5.80231,-0.239999,-2.83687,5.87276,-0.239999,-2.7125,5.8975,-0.239999,-3.0375,5.5725,-0.239999,2.83687,5.87276,-0.239999,2.94231,5.80231,-0.239999,3.01276,5.69687,-0.239999,2.7125,5.8975,-0.239999,3.0375,5.5725,-0.239999,3.01276,-5.67687,-0.240001,2.94231,-5.78231,-0.240001,2.83687,-5.85276,-0.240001,2.7125,-5.8775,-0.240001,3.0375,-5.5525,-0.240001,-2.83687,-5.85276,-0.240001,-2.94231,-5.78231,-0.240001,-3.01276,-5.67687,-0.240001,-2.7125,-5.8775,-0.240001,-3.0375,-5.5525,-0.240001],

	"morphTargets" : [],

	"normals" : [0.689383,0.285531,0.6657,0.527635,0.527635,0.6657,0.285531,0.689383,0.6657,0.071322,0.724357,0.68569,0.724357,0.071322,0.68569,-0.285531,0.689383,0.6657,-0.527635,0.527635,0.6657,-0.689383,0.285531,0.6657,-0.071322,0.724357,0.68569,-0.724357,0.071322,0.68569,-0.689383,-0.285531,0.6657,-0.527635,-0.527635,0.6657,-0.285531,-0.689383,0.6657,-0.071322,-0.724357,0.68569,-0.724357,-0.071322,0.68569,0.285531,-0.689383,0.6657,0.527635,-0.527635,0.6657,0.689383,-0.285531,0.6657,0.071322,-0.724357,0.68569,0.724357,-0.071322,0.68569,-0.689383,0.285531,-0.6657,-0.527635,0.527635,-0.6657,-0.285531,0.689383,-0.6657,-0.071322,0.724357,-0.68569,-0.724357,0.071322,-0.68569,0.285531,0.689383,-0.6657,0.527635,0.527635,-0.6657,0.689383,0.285531,-0.6657,0.071322,0.724357,-0.68569,0.724357,0.071322,-0.68569,0.689383,-0.285531,-0.6657,0.527635,-0.527635,-0.6657,0.285531,-0.689383,-0.6657,0.071322,-0.724357,-0.68569,0.724357,-0.071322,-0.68569,-0.285531,-0.689383,-0.6657,-0.527635,-0.527635,-0.6657,-0.689383,-0.285531,-0.6657,-0.071322,-0.724357,-0.68569,-0.724357,-0.071322,-0.68569],

	"colors" : [],

	"uvs" : [[0.815821,0.011722,0.823161,0.016627,0.828066,0.023968,0.829789,0.032627,0.807162,0.01,0.828066,0.41898,0.823161,0.426321,0.815821,0.431226,0.829789,0.410321,0.807162,0.432948,0.023968,0.431226,0.016627,0.426321,0.011722,0.41898,0.01,0.410321,0.032627,0.432948,0.011722,0.023968,0.016627,0.016627,0.023968,0.011722,0.01,0.032627,0.032627,0.01,0.815821,0.437985,0.823161,0.44289,0.828066,0.45023,0.829789,0.458889,0.807162,0.436262,0.828066,0.845243,0.823161,0.852583,0.815821,0.857488,0.829789,0.836584,0.807162,0.85921,0.023968,0.857488,0.016627,0.852583,0.011722,0.845243,0.01,0.836584,0.032627,0.85921,0.011722,0.45023,0.016627,0.44289,0.023968,0.437985,0.01,0.458889,0.032627,0.436262,0.028499,0.944132,0.406205,0.956052,0.027658,0.977522,0.405363,0.989443,0.027823,0.866716,0.809633,0.862616,0.02842,0.899817,0.81023,0.895721,0.028427,0.90314,0.810254,0.907064,0.027838,0.936244,0.809665,0.940165,0.822709,0.955282,0.822607,0.9887,0.445016,0.954135,0.444914,0.987553,0.831537,0.955309,0.831436,0.988727,0.840366,0.955336,0.840264,0.988754,0.818576,0.94021,0.819166,0.907108,0.827488,0.940255,0.828077,0.907153,0.436085,0.987526,0.436187,0.954108,0.427257,0.987499,0.427358,0.954081,0.819144,0.895697,0.818556,0.862569,0.82807,0.895672,0.827481,0.862525,0.019508,0.899864,0.018911,0.866763,0.010597,0.899911,0.01,0.86681,0.01967,0.943853,0.018829,0.977244,0.010841,0.943574,0.01,0.976965,0.018922,0.936213,0.019509,0.903094,0.01,0.93618,0.010589,0.90305,0.414192,0.989721,0.415033,0.956331,0.423021,0.99,0.423862,0.95661]],

	"faces" : [42,0,1,2,0,0,1,2,0,1,2,42,0,2,3,0,0,2,3,0,2,3,42,4,0,3,0,4,0,3,4,0,3,42,5,6,7,0,5,6,7,5,6,7,42,8,5,7,0,8,5,7,8,5,7,42,8,7,9,0,8,7,9,8,7,9,42,10,11,12,0,10,11,12,10,11,12,42,10,12,13,0,10,12,13,10,12,13,42,14,10,13,0,14,10,13,14,10,13,42,15,16,17,0,15,16,17,15,16,17,42,18,15,17,0,18,15,17,18,15,17,42,18,17,19,0,18,17,19,18,17,19,42,4,3,8,0,4,3,8,4,3,8,42,19,4,8,0,19,4,8,19,4,8,42,14,13,18,0,14,13,18,14,13,18,42,9,14,18,0,9,14,18,9,14,18,42,19,8,9,0,19,8,9,19,8,9,42,9,18,19,0,9,18,19,9,18,19,42,20,21,22,0,20,21,22,20,21,22,42,20,22,23,0,20,22,23,20,22,23,42,24,20,23,0,24,20,23,24,20,23,42,25,26,27,0,25,26,27,25,26,27,42,28,25,27,0,28,25,27,28,25,27,42,28,27,29,0,28,27,29,28,27,29,42,30,31,32,0,30,31,32,30,31,32,42,30,32,33,0,30,32,33,30,32,33,42,34,30,33,0,34,30,33,34,30,33,42,35,36,37,0,35,36,37,35,36,37,42,38,35,37,0,38,35,37,38,35,37,42,38,37,39,0,38,37,39,38,37,39,42,24,23,28,0,24,23,28,24,23,28,42,39,24,28,0,39,24,28,39,24,28,42,34,33,38,0,34,33,38,34,33,38,42,29,34,38,0,29,34,38,29,34,38,42,39,28,29,0,39,28,29,39,28,29,42,29,38,39,0,29,38,39,29,38,39,42,8,3,23,0,40,41,42,8,3,23,42,28,23,3,0,43,42,41,28,23,3,42,24,39,9,0,44,45,46,24,39,9,42,14,9,39,0,47,46,45,14,9,39,42,4,19,29,0,48,49,50,4,19,29,42,34,29,19,0,51,50,49,34,29,19,42,33,18,38,0,52,53,54,33,18,38,42,13,38,18,0,55,54,53,13,38,18,42,32,15,33,0,56,57,52,32,15,33,42,18,33,15,0,53,52,57,18,33,15,42,31,16,32,0,58,59,56,31,16,32,42,15,32,16,0,57,56,59,15,32,16,42,30,17,31,0,60,61,62,30,17,31,42,16,31,17,0,63,62,61,16,31,17,42,34,19,30,0,51,49,60,34,19,30,42,17,30,19,0,61,60,49,17,30,19,42,12,35,13,0,64,65,55,12,35,13,42,38,13,35,0,54,55,65,38,13,35,42,11,36,12,0,66,67,64,11,36,12,42,35,12,36,0,65,64,67,35,12,36,42,10,37,11,0,68,69,70,10,37,11,42,36,11,37,0,71,70,69,36,11,37,42,14,39,10,0,47,45,68,14,39,10,42,37,10,39,0,69,68,45,37,10,39,42,7,20,9,0,72,73,46,7,20,9,42,24,9,20,0,44,46,73,24,9,20,42,6,21,7,0,74,75,72,6,21,7,42,20,7,21,0,73,72,75,20,7,21,42,5,22,6,0,76,77,78,5,22,6,42,21,6,22,0,79,78,77,21,6,22,42,8,23,5,0,40,42,76,8,23,5,42,22,5,23,0,77,76,42,22,5,23,42,27,0,29,0,80,81,50,27,0,29,42,29,0,4,0,50,81,48,29,0,4,42,26,1,27,0,82,83,80,26,1,27,42,0,27,1,0,81,80,83,0,27,1,42,25,2,26,0,84,85,86,25,2,26,42,1,26,2,0,87,86,85,1,26,2,42,28,3,25,0,43,41,84,28,3,25,42,2,25,3,0,85,84,41,2,25,3],

	"bones" : [],

	"skinIndices" : [],

	"skinWeights" : [],

  "animations" : []


}
